{
  "project_info": {
    "project_number": "677994937588",
    "project_id": "oneclickpizza-flutter",
    "storage_bucket": "oneclickpizza-flutter.appspot.com"
  },
  "client": [
    {
      "client_info": {
        "mobilesdk_app_id": "1:677994937588:android:7fced7bb6e426ff49172a1",
        "android_client_info": {
          "package_name": "com.example.flutter_myapp"
        }
      },
      "oauth_client": [
        {
          "client_id": "677994937588-ubevg3f59jr7p4pmarkcitp04c80smog.apps.googleusercontent.com",
          "client_type": 1,
          "android_info": {
            "package_name": "com.example.flutter_myapp",
            "certificate_hash": "7116a777c150896a80285f034ae30b478d247865"
          }
        },
        {
          "client_id": "677994937588-qsj45ped8cge6qcebtb4obcga16m00a9.apps.googleusercontent.com",
          "client_type": 3
        }
      ],
      "api_key": [
        {
          "current_key": "AIzaSyAn_Fl_qqFBDZXxvDos5WtW5lXfiU8PJE4"
        }
      ],
      "services": {
        "appinvite_service": {
          "other_platform_oauth_client": [
            {
              "client_id": "677994937588-qsj45ped8cge6qcebtb4obcga16m00a9.apps.googleusercontent.com",
              "client_type": 3
            }
          ]
        }
      }
    }
  ],
  "configuration_version": "1"
}